epoch,steps,cosine-Accuracy@1,cosine-Accuracy@3,cosine-Accuracy@5,cosine-Accuracy@10,cosine-Precision@1,cosine-Recall@1,cosine-Precision@3,cosine-Recall@3,cosine-Precision@5,cosine-Recall@5,cosine-Precision@10,cosine-Recall@10,cosine-MRR@10,cosine-NDCG@10,cosine-MAP@100
-1,-1,0.4633688165309956,0.678146524733876,0.7514088916718847,0.8353162179085786,0.4633688165309956,0.4633688165309956,0.22604884157795868,0.678146524733876,0.15028177833437695,0.7514088916718847,0.08353162179085784,0.8353162179085786,0.588222957728281,0.6479457518587798,0.5945301150496398
-1,-1,0.3852609093683247,0.6133658834299665,0.6829417149832163,0.7508391821788221,0.3852609093683247,0.3852609093683247,0.20445529447665547,0.6133658834299665,0.13658834299664327,0.6829417149832163,0.0750839182178822,0.7508391821788221,0.51299781788415,0.5709560632526323,0.5193472626647406
