epoch,steps,cosine-Accuracy@1,cosine-Accuracy@3,cosine-Accuracy@5,cosine-Accuracy@10,cosine-Precision@1,cosine-Recall@1,cosine-Precision@3,cosine-Recall@3,cosine-Precision@5,cosine-Recall@5,cosine-Precision@10,cosine-Recall@10,cosine-MRR@10,cosine-NDCG@10,cosine-MAP@100
-1,-1,0.8196618659987477,0.9373825923606762,0.9580463368816531,0.9799624295554165,0.8196618659987477,0.8196618659987477,0.31246086412022545,0.9373825923606762,0.19160926737633058,0.9580463368816531,0.09799624295554164,0.9799624295554165,0.8825980757571239,0.9067345010535295,0.8836007963405078
