epoch,steps,cosine-Accuracy@1,cosine-Accuracy@3,cosine-Accuracy@5,cosine-Accuracy@10,cosine-Precision@1,cosine-Recall@1,cosine-Precision@3,cosine-Recall@3,cosine-Precision@5,cosine-Recall@5,cosine-Precision@10,cosine-Recall@10,cosine-MRR@10,cosine-NDCG@10,cosine-MAP@100
-1,-1,0.886662492172824,0.9780839073262367,0.986850344395742,0.9937382592360676,0.886662492172824,0.886662492172824,0.32602796910874554,0.9780839073262367,0.1973700688791484,0.986850344395742,0.09937382592360676,0.9937382592360676,0.9330416157279022,0.9483964558017456,0.9333958053247898
