epoch,steps,cosine-Accuracy@1,cosine-Accuracy@3,cosine-Accuracy@5,cosine-Accuracy@10,cosine-Precision@1,cosine-Recall@1,cosine-Precision@3,cosine-Recall@3,cosine-Precision@5,cosine-Recall@5,cosine-Precision@10,cosine-Recall@10,cosine-MRR@10,cosine-NDCG@10,cosine-MAP@100
-1,-1,0.8447088290544772,0.9624295554164057,0.9793362554790231,0.9912335629304947,0.8447088290544772,0.8447088290544772,0.3208098518054686,0.9624295554164057,0.1958672510958046,0.9793362554790231,0.09912335629304946,0.9912335629304947,0.9050131198377912,0.9266667530677183,0.9054775683565683
