epoch,steps,cosine-Accuracy@1,cosine-Accuracy@3,cosine-Accuracy@5,cosine-Accuracy@10,cosine-Precision@1,cosine-Recall@1,cosine-Precision@3,cosine-Recall@3,cosine-Precision@5,cosine-Recall@5,cosine-Precision@10,cosine-Recall@10,cosine-MRR@10,cosine-NDCG@10,cosine-MAP@100
-1,-1,0.3852609093683247,0.6133658834299665,0.6829417149832163,0.7508391821788221,0.3852609093683247,0.3852609093683247,0.20445529447665547,0.6133658834299665,0.13658834299664327,0.6829417149832163,0.0750839182178822,0.7508391821788221,0.51299781788415,0.5709560632526323,0.5193472626647406
-1,-1,0.3852609093683247,0.6133658834299665,0.6829417149832163,0.7508391821788221,0.3852609093683247,0.3852609093683247,0.20445529447665547,0.6133658834299665,0.13658834299664327,0.6829417149832163,0.0750839182178822,0.7508391821788221,0.51299781788415,0.5709560632526323,0.5193472626647406
-1,-1,0.549282880683552,0.8361306072627404,0.8916692096429661,0.9377479401891974,0.549282880683552,0.549282880683552,0.27871020242091343,0.8361306072627404,0.17833384192859325,0.8916692096429661,0.09377479401891975,0.9377479401891974,0.6982730163573906,0.7576765656917194,0.7009407330425471
