epoch,steps,cosine-Accuracy@1,cosine-Accuracy@3,cosine-Accuracy@5,cosine-Accuracy@10,cosine-Precision@1,cosine-Recall@1,cosine-Precision@3,cosine-Recall@3,cosine-Precision@5,cosine-Recall@5,cosine-Precision@10,cosine-Recall@10,cosine-MRR@10,cosine-NDCG@10,cosine-MAP@100
-1,-1,0.4633688165309956,0.678146524733876,0.7514088916718847,0.8353162179085786,0.4633688165309956,0.4633688165309956,0.22604884157795868,0.678146524733876,0.15028177833437695,0.7514088916718847,0.08353162179085784,0.8353162179085786,0.588222957728281,0.6479457518587798,0.5945301150496398
