epoch,steps,cosine-Accuracy@1,cosine-Accuracy@3,cosine-Accuracy@5,cosine-Accuracy@10,cosine-Precision@1,cosine-Recall@1,cosine-Precision@3,cosine-Recall@3,cosine-Precision@5,cosine-Recall@5,cosine-Precision@10,cosine-Recall@10,cosine-MRR@10,cosine-NDCG@10,cosine-MAP@100
-1,-1,0.576136710405859,0.8664937442783033,0.9246261824839792,0.9627708269758926,0.576136710405859,0.576136710405859,0.2888312480927678,0.8664937442783033,0.18492523649679585,0.9246261824839792,0.09627708269758926,0.9627708269758926,0.7268090249017892,0.785561568010597,0.7285947419616718
