epoch,steps,cosine-Accuracy@1,cosine-Accuracy@3,cosine-Accuracy@5,cosine-Accuracy@10,cosine-Precision@1,cosine-Recall@1,cosine-Precision@3,cosine-Recall@3,cosine-Precision@5,cosine-Recall@5,cosine-Precision@10,cosine-Recall@10,cosine-MRR@10,cosine-NDCG@10,cosine-MAP@100
-1,-1,0.5241074153188893,0.8172108635947513,0.8791577662496185,0.9258468111077205,0.5241074153188893,0.5241074153188893,0.27240362119825046,0.8172108635947513,0.17583155324992372,0.8791577662496185,0.09258468111077205,0.9258468111077205,0.6777086330412558,0.7392465213541853,0.6803820684790174
